{
  "logistic_regression": {
    "accuracy": 0.9871559633027523,
    "precision": 0.984,
    "recall": 0.9879518072289156,
    "f1": 0.9859719438877755,
    "auc": 0.999660805383697
  },
  "random_forest": {
    "accuracy": 0.9963302752293578,
    "precision": 0.9959839357429718,
    "recall": 0.9959839357429718,
    "f1": 0.9959839357429718,
    "auc": 0.9999864322153478
  },
  "neural_network": {
    "accuracy": 0.9871559633027523,
    "precision": 0.984,
    "recall": 0.9879518072289156,
    "f1": 0.9859719438877755,
    "auc": 0.998778899381309
  }
}