cluster_id,size,percentage,avg_total_sessions,avg_session_duration,avg_engagement_score,avg_article_views,newsletter_signup_rate,avg_content_diversity,preferred_brand,primary_country,primary_device,subscription_tier
0,1529,56.17193240264511,91.40026160889471,211.65682862403713,59.186468220383425,8.953123198395144,0.27403531720078483,4.805084711851413,N/A,N/A,N/A,N/A
1,1192,43.791329904482,95.29110738255034,68.58318736981684,22.609531326764714,3.1285092754864934,0.08473154362416108,3.0802555985867195,N/A,N/A,N/A,N/A
2,1,0.03673769287288758,100.0,217.0,53.0,11.0,0.0,5.0,N/A,N/A,N/A,N/A
