{
  "accuracy": 0.9999,
  "precision": 0.9998662833455907,
  "recall": 1.0,
  "f1": 0.9999331372024606,
  "auc": 0.9998999376722835,
  "confusion_matrix": [
    [
      5043,
      2
    ],
    [
      0,
      14955
    ]
  ],
  "timestamp": "2025-11-05T23:30:34.500639"
}