{
  "rmse": 0.3974328558371974,
  "mae": 0.018615026026964188,
  "r2": 0.9996871948242188,
  "mse": 0.15795287489891052,
  "timestamp": "2025-11-05T23:31:47.615404"
}